 time (us) ,dim1 util,
10.000000,100.000000,
20.000000,100.000000,
,
